{
  "warnings": [
    {
      "file": "/opt/jenkins-ios/E0/blinkcard-ios-framework/blinkcard-ios/Microblink.framework/Headers/MBBlinkCardEliteRecognizer.h",
      "line": 28,
      "symbol": "MBBlinkCardEliteRecognizer.-init",
      "symbol_kind": "sourcekitten.source.lang.objc.decl.method.instance",
      "warning": "undocumented"
    },
    {
      "file": "/opt/jenkins-ios/E0/blinkcard-ios-framework/blinkcard-ios/Microblink.framework/Headers/MBBlinkCardEliteRecognizerResult.h",
      "line": 25,
      "symbol": "MBBlinkCardEliteRecognizerResult.-init",
      "symbol_kind": "sourcekitten.source.lang.objc.decl.method.instance",
      "warning": "undocumented"
    },
    {
      "file": "/opt/jenkins-ios/E0/blinkcard-ios-framework/blinkcard-ios/Microblink.framework/Headers/MBBlinkCardRecognizer.h",
      "line": 28,
      "symbol": "MBBlinkCardRecognizer.-init",
      "symbol_kind": "sourcekitten.source.lang.objc.decl.method.instance",
      "warning": "undocumented"
    },
    {
      "file": "/opt/jenkins-ios/E0/blinkcard-ios-framework/blinkcard-ios/Microblink.framework/Headers/MBBlinkCardRecognizerResult.h",
      "line": 27,
      "symbol": "MBBlinkCardRecognizerResult.-init",
      "symbol_kind": "sourcekitten.source.lang.objc.decl.method.instance",
      "warning": "undocumented"
    },
    {
      "file": "/opt/jenkins-ios/E0/blinkcard-ios-framework/blinkcard-ios/Microblink.framework/Headers/MBCardIssuer.h",
      "line": 11,
      "symbol": "MBCardIssuer",
      "symbol_kind": "sourcekitten.source.lang.objc.decl.enum",
      "warning": "undocumented"
    },
    {
      "file": "/opt/jenkins-ios/E0/blinkcard-ios-framework/blinkcard-ios/Microblink.framework/Headers/MBCardIssuer.h",
      "line": 11,
      "symbol": "MBCardIssuer",
      "symbol_kind": "sourcekitten.source.lang.objc.decl.typedef",
      "warning": "undocumented"
    },
    {
      "file": "/opt/jenkins-ios/E0/blinkcard-ios-framework/blinkcard-ios/Microblink.framework/Headers/MBCardIssuer.h",
      "line": 13,
      "symbol": "MBCardIssuer.MBCardIssuerOther",
      "symbol_kind": "sourcekitten.source.lang.objc.decl.enumcase",
      "warning": "undocumented"
    },
    {
      "file": "/opt/jenkins-ios/E0/blinkcard-ios-framework/blinkcard-ios/Microblink.framework/Headers/MBCardIssuer.h",
      "line": 15,
      "symbol": "MBCardIssuer.MBCardIssuerAmericanExpress",
      "symbol_kind": "sourcekitten.source.lang.objc.decl.enumcase",
      "warning": "undocumented"
    },
    {
      "file": "/opt/jenkins-ios/E0/blinkcard-ios-framework/blinkcard-ios/Microblink.framework/Headers/MBCardIssuer.h",
      "line": 17,
      "symbol": "MBCardIssuer.MBCardIssuerBmoAbm",
      "symbol_kind": "sourcekitten.source.lang.objc.decl.enumcase",
      "warning": "undocumented"
    },
    {
      "file": "/opt/jenkins-ios/E0/blinkcard-ios-framework/blinkcard-ios/Microblink.framework/Headers/MBCardIssuer.h",
      "line": 19,
      "symbol": "MBCardIssuer.MBCardIssuerChinaTUnion",
      "symbol_kind": "sourcekitten.source.lang.objc.decl.enumcase",
      "warning": "undocumented"
    },
    {
      "file": "/opt/jenkins-ios/E0/blinkcard-ios-framework/blinkcard-ios/Microblink.framework/Headers/MBCardIssuer.h",
      "line": 21,
      "symbol": "MBCardIssuer.MBCardIssuerChinaUnionPay",
      "symbol_kind": "sourcekitten.source.lang.objc.decl.enumcase",
      "warning": "undocumented"
    },
    {
      "file": "/opt/jenkins-ios/E0/blinkcard-ios-framework/blinkcard-ios/Microblink.framework/Headers/MBCardIssuer.h",
      "line": 23,
      "symbol": "MBCardIssuer.MBCardIssuerCibcAdvantageDebit",
      "symbol_kind": "sourcekitten.source.lang.objc.decl.enumcase",
      "warning": "undocumented"
    },
    {
      "file": "/opt/jenkins-ios/E0/blinkcard-ios-framework/blinkcard-ios/Microblink.framework/Headers/MBCardIssuer.h",
      "line": 25,
      "symbol": "MBCardIssuer.MBCardIssuerCiss",
      "symbol_kind": "sourcekitten.source.lang.objc.decl.enumcase",
      "warning": "undocumented"
    },
    {
      "file": "/opt/jenkins-ios/E0/blinkcard-ios-framework/blinkcard-ios/Microblink.framework/Headers/MBCardIssuer.h",
      "line": 27,
      "symbol": "MBCardIssuer.MBCardIssuerDinersClubInternational",
      "symbol_kind": "sourcekitten.source.lang.objc.decl.enumcase",
      "warning": "undocumented"
    },
    {
      "file": "/opt/jenkins-ios/E0/blinkcard-ios-framework/blinkcard-ios/Microblink.framework/Headers/MBCardIssuer.h",
      "line": 29,
      "symbol": "MBCardIssuer.MBCardIssuerDinersClubUsCanada",
      "symbol_kind": "sourcekitten.source.lang.objc.decl.enumcase",
      "warning": "undocumented"
    },
    {
      "file": "/opt/jenkins-ios/E0/blinkcard-ios-framework/blinkcard-ios/Microblink.framework/Headers/MBCardIssuer.h",
      "line": 31,
      "symbol": "MBCardIssuer.MBCardIssuerDiscoverCard",
      "symbol_kind": "sourcekitten.source.lang.objc.decl.enumcase",
      "warning": "undocumented"
    },
    {
      "file": "/opt/jenkins-ios/E0/blinkcard-ios-framework/blinkcard-ios/Microblink.framework/Headers/MBCardIssuer.h",
      "line": 33,
      "symbol": "MBCardIssuer.MBCardIssuerHsbc",
      "symbol_kind": "sourcekitten.source.lang.objc.decl.enumcase",
      "warning": "undocumented"
    },
    {
      "file": "/opt/jenkins-ios/E0/blinkcard-ios-framework/blinkcard-ios/Microblink.framework/Headers/MBCardIssuer.h",
      "line": 35,
      "symbol": "MBCardIssuer.MBCardIssuerRuPay",
      "symbol_kind": "sourcekitten.source.lang.objc.decl.enumcase",
      "warning": "undocumented"
    },
    {
      "file": "/opt/jenkins-ios/E0/blinkcard-ios-framework/blinkcard-ios/Microblink.framework/Headers/MBCardIssuer.h",
      "line": 37,
      "symbol": "MBCardIssuer.MBCardIssuerInterPayment",
      "symbol_kind": "sourcekitten.source.lang.objc.decl.enumcase",
      "warning": "undocumented"
    },
    {
      "file": "/opt/jenkins-ios/E0/blinkcard-ios-framework/blinkcard-ios/Microblink.framework/Headers/MBCardIssuer.h",
      "line": 39,
      "symbol": "MBCardIssuer.MBCardIssuerInstaPayment",
      "symbol_kind": "sourcekitten.source.lang.objc.decl.enumcase",
      "warning": "undocumented"
    },
    {
      "file": "/opt/jenkins-ios/E0/blinkcard-ios-framework/blinkcard-ios/Microblink.framework/Headers/MBCardIssuer.h",
      "line": 41,
      "symbol": "MBCardIssuer.MBCardIssuerJcb",
      "symbol_kind": "sourcekitten.source.lang.objc.decl.enumcase",
      "warning": "undocumented"
    },
    {
      "file": "/opt/jenkins-ios/E0/blinkcard-ios-framework/blinkcard-ios/Microblink.framework/Headers/MBCardIssuer.h",
      "line": 43,
      "symbol": "MBCardIssuer.MBCardIssuerLaser",
      "symbol_kind": "sourcekitten.source.lang.objc.decl.enumcase",
      "warning": "undocumented"
    },
    {
      "file": "/opt/jenkins-ios/E0/blinkcard-ios-framework/blinkcard-ios/Microblink.framework/Headers/MBCardIssuer.h",
      "line": 45,
      "symbol": "MBCardIssuer.MBCardIssuerMaestro",
      "symbol_kind": "sourcekitten.source.lang.objc.decl.enumcase",
      "warning": "undocumented"
    },
    {
      "file": "/opt/jenkins-ios/E0/blinkcard-ios-framework/blinkcard-ios/Microblink.framework/Headers/MBCardIssuer.h",
      "line": 47,
      "symbol": "MBCardIssuer.MBCardIssuerDankort",
      "symbol_kind": "sourcekitten.source.lang.objc.decl.enumcase",
      "warning": "undocumented"
    },
    {
      "file": "/opt/jenkins-ios/E0/blinkcard-ios-framework/blinkcard-ios/Microblink.framework/Headers/MBCardIssuer.h",
      "line": 49,
      "symbol": "MBCardIssuer.MBCardIssuerMir",
      "symbol_kind": "sourcekitten.source.lang.objc.decl.enumcase",
      "warning": "undocumented"
    },
    {
      "file": "/opt/jenkins-ios/E0/blinkcard-ios-framework/blinkcard-ios/Microblink.framework/Headers/MBCardIssuer.h",
      "line": 51,
      "symbol": "MBCardIssuer.MBCardIssuerMasterCard",
      "symbol_kind": "sourcekitten.source.lang.objc.decl.enumcase",
      "warning": "undocumented"
    },
    {
      "file": "/opt/jenkins-ios/E0/blinkcard-ios-framework/blinkcard-ios/Microblink.framework/Headers/MBCardIssuer.h",
      "line": 53,
      "symbol": "MBCardIssuer.MBCardIssuerRbcClient",
      "symbol_kind": "sourcekitten.source.lang.objc.decl.enumcase",
      "warning": "undocumented"
    },
    {
      "file": "/opt/jenkins-ios/E0/blinkcard-ios-framework/blinkcard-ios/Microblink.framework/Headers/MBCardIssuer.h",
      "line": 55,
      "symbol": "MBCardIssuer.MBCardIssuerScotiaBank",
      "symbol_kind": "sourcekitten.source.lang.objc.decl.enumcase",
      "warning": "undocumented"
    },
    {
      "file": "/opt/jenkins-ios/E0/blinkcard-ios-framework/blinkcard-ios/Microblink.framework/Headers/MBCardIssuer.h",
      "line": 57,
      "symbol": "MBCardIssuer.MBCardIssuerTdCtAccess",
      "symbol_kind": "sourcekitten.source.lang.objc.decl.enumcase",
      "warning": "undocumented"
    },
    {
      "file": "/opt/jenkins-ios/E0/blinkcard-ios-framework/blinkcard-ios/Microblink.framework/Headers/MBCardIssuer.h",
      "line": 59,
      "symbol": "MBCardIssuer.MBCardIssuerTroy",
      "symbol_kind": "sourcekitten.source.lang.objc.decl.enumcase",
      "warning": "undocumented"
    },
    {
      "file": "/opt/jenkins-ios/E0/blinkcard-ios-framework/blinkcard-ios/Microblink.framework/Headers/MBCardIssuer.h",
      "line": 61,
      "symbol": "MBCardIssuer.MBCardIssuerVisa",
      "symbol_kind": "sourcekitten.source.lang.objc.decl.enumcase",
      "warning": "undocumented"
    },
    {
      "file": "/opt/jenkins-ios/E0/blinkcard-ios-framework/blinkcard-ios/Microblink.framework/Headers/MBCardIssuer.h",
      "line": 63,
      "symbol": "MBCardIssuer.MBCardIssuerUatp",
      "symbol_kind": "sourcekitten.source.lang.objc.decl.enumcase",
      "warning": "undocumented"
    },
    {
      "file": "/opt/jenkins-ios/E0/blinkcard-ios-framework/blinkcard-ios/Microblink.framework/Headers/MBCardIssuer.h",
      "line": 65,
      "symbol": "MBCardIssuer.MBCardIssuerVerve",
      "symbol_kind": "sourcekitten.source.lang.objc.decl.enumcase",
      "warning": "undocumented"
    },
    {
      "file": "/opt/jenkins-ios/E0/blinkcard-ios-framework/blinkcard-ios/Microblink.framework/Headers/MBCombinedFullDocumentImageResult.h",
      "line": 13,
      "symbol": "MBCombinedFullDocumentImageResult",
      "symbol_kind": "sourcekitten.source.lang.objc.decl.protocol",
      "warning": "undocumented"
    },
    {
      "file": "/opt/jenkins-ios/E0/blinkcard-ios-framework/blinkcard-ios/Microblink.framework/Headers/MBCombinedRecognizer.h",
      "line": 14,
      "symbol": "MBCombinedRecognizer",
      "symbol_kind": "sourcekitten.source.lang.objc.decl.protocol",
      "warning": "undocumented"
    },
    {
      "file": "/opt/jenkins-ios/E0/blinkcard-ios-framework/blinkcard-ios/Microblink.framework/Headers/MBCombinedRecognizerResult.h",
      "line": 23,
      "symbol": "MBCombinedRecognizerResult",
      "symbol_kind": "sourcekitten.source.lang.objc.decl.protocol",
      "warning": "undocumented"
    },
    {
      "file": "/opt/jenkins-ios/E0/blinkcard-ios-framework/blinkcard-ios/Microblink.framework/Headers/MBDateResult.h",
      "line": 23,
      "symbol": "MBDateResult.-init",
      "symbol_kind": "sourcekitten.source.lang.objc.decl.method.instance",
      "warning": "undocumented"
    },
    {
      "file": "/opt/jenkins-ios/E0/blinkcard-ios-framework/blinkcard-ios/Microblink.framework/Headers/MBDigitalSignature.h",
      "line": 11,
      "symbol": "MBDigitalSignature",
      "symbol_kind": "sourcekitten.source.lang.objc.decl.protocol",
      "warning": "undocumented"
    },
    {
      "file": "/opt/jenkins-ios/E0/blinkcard-ios-framework/blinkcard-ios/Microblink.framework/Headers/MBDigitalSignatureResult.h",
      "line": 13,
      "symbol": "MBDigitalSignatureResult",
      "symbol_kind": "sourcekitten.source.lang.objc.decl.protocol",
      "warning": "undocumented"
    },
    {
      "file": "/opt/jenkins-ios/E0/blinkcard-ios-framework/blinkcard-ios/Microblink.framework/Headers/MBEncodeFullDocumentImage.h",
      "line": 11,
      "symbol": "MBEncodeFullDocumentImage",
      "symbol_kind": "sourcekitten.source.lang.objc.decl.protocol",
      "warning": "undocumented"
    },
    {
      "file": "/opt/jenkins-ios/E0/blinkcard-ios-framework/blinkcard-ios/Microblink.framework/Headers/MBEncodedCombinedFullDocumentImageResult.h",
      "line": 11,
      "symbol": "MBEncodedCombinedFullDocumentImageResult",
      "symbol_kind": "sourcekitten.source.lang.objc.decl.protocol",
      "warning": "undocumented"
    },
    {
      "file": "/opt/jenkins-ios/E0/blinkcard-ios-framework/blinkcard-ios/Microblink.framework/Headers/MBException.h",
      "line": 11,
      "symbol": "MBExceptionName",
      "symbol_kind": "sourcekitten.source.lang.objc.decl.typedef",
      "warning": "undocumented"
    },
    {
      "file": "/opt/jenkins-ios/E0/blinkcard-ios-framework/blinkcard-ios/Microblink.framework/Headers/MBException.h",
      "line": 13,
      "symbol": "MBIllegalModificationException",
      "symbol_kind": "sourcekitten.source.lang.objc.decl.constant",
      "warning": "undocumented"
    },
    {
      "file": "/opt/jenkins-ios/E0/blinkcard-ios-framework/blinkcard-ios/Microblink.framework/Headers/MBException.h",
      "line": 14,
      "symbol": "MBInvalidLicenseKeyException",
      "symbol_kind": "sourcekitten.source.lang.objc.decl.constant",
      "warning": "undocumented"
    },
    {
      "file": "/opt/jenkins-ios/E0/blinkcard-ios-framework/blinkcard-ios/Microblink.framework/Headers/MBException.h",
      "line": 15,
      "symbol": "MBInvalidLicenseeKeyException",
      "symbol_kind": "sourcekitten.source.lang.objc.decl.constant",
      "warning": "undocumented"
    },
    {
      "file": "/opt/jenkins-ios/E0/blinkcard-ios-framework/blinkcard-ios/Microblink.framework/Headers/MBException.h",
      "line": 16,
      "symbol": "MBInvalidLicenseResourceException",
      "symbol_kind": "sourcekitten.source.lang.objc.decl.constant",
      "warning": "undocumented"
    },
    {
      "file": "/opt/jenkins-ios/E0/blinkcard-ios-framework/blinkcard-ios/Microblink.framework/Headers/MBException.h",
      "line": 17,
      "symbol": "MBInvalidBundleException",
      "symbol_kind": "sourcekitten.source.lang.objc.decl.constant",
      "warning": "undocumented"
    },
    {
      "file": "/opt/jenkins-ios/E0/blinkcard-ios-framework/blinkcard-ios/Microblink.framework/Headers/MBException.h",
      "line": 18,
      "symbol": "MBMissingSettingsException",
      "symbol_kind": "sourcekitten.source.lang.objc.decl.constant",
      "warning": "undocumented"
    },
    {
      "file": "/opt/jenkins-ios/E0/blinkcard-ios-framework/blinkcard-ios/Microblink.framework/Headers/MBException.h",
      "line": 19,
      "symbol": "MBInvalidArgumentException",
      "symbol_kind": "sourcekitten.source.lang.objc.decl.constant",
      "warning": "undocumented"
    },
    {
      "file": "/opt/jenkins-ios/E0/blinkcard-ios-framework/blinkcard-ios/Microblink.framework/Headers/MBFirstSideFinishedRecognizerRunnerDelegate.h",
      "line": 13,
      "symbol": "MBFirstSideFinishedRecognizerRunnerDelegate",
      "symbol_kind": "sourcekitten.source.lang.objc.decl.protocol",
      "warning": "undocumented"
    },
    {
      "file": "/opt/jenkins-ios/E0/blinkcard-ios-framework/blinkcard-ios/Microblink.framework/Headers/MBFirstSideFinishedRecognizerRunnerViewControllerDelegate.h",
      "line": 15,
      "symbol": "MBFirstSideFinishedRecognizerRunnerViewControllerDelegate",
      "symbol_kind": "sourcekitten.source.lang.objc.decl.protocol",
      "warning": "undocumented"
    },
    {
      "file": "/opt/jenkins-ios/E0/blinkcard-ios-framework/blinkcard-ios/Microblink.framework/Headers/MBFrameGrabberRecognizer.h",
      "line": 24,
      "symbol": "MBFrameGrabberRecognizer.-init",
      "symbol_kind": "sourcekitten.source.lang.objc.decl.method.instance",
      "warning": "undocumented"
    },
    {
      "file": "/opt/jenkins-ios/E0/blinkcard-ios-framework/blinkcard-ios/Microblink.framework/Headers/MBFrameGrabberRecognizer.h",
      "line": 25,
      "symbol": "MBFrameGrabberRecognizer.-initWithFrameGrabberDelegate:",
      "symbol_kind": "sourcekitten.source.lang.objc.decl.method.instance",
      "warning": "undocumented"
    },
    {
      "file": "/opt/jenkins-ios/E0/blinkcard-ios-framework/blinkcard-ios/Microblink.framework/Headers/MBFrameGrabberRecognizer.h",
      "line": 43,
      "symbol": "MBFrameGrabberRecognizerDelegate",
      "symbol_kind": "sourcekitten.source.lang.objc.decl.protocol",
      "warning": "undocumented"
    },
    {
      "file": "/opt/jenkins-ios/E0/blinkcard-ios-framework/blinkcard-ios/Microblink.framework/Headers/MBFullDocumentImage.h",
      "line": 11,
      "symbol": "MBFullDocumentImage",
      "symbol_kind": "sourcekitten.source.lang.objc.decl.protocol",
      "warning": "undocumented"
    },
    {
      "file": "/opt/jenkins-ios/E0/blinkcard-ios-framework/blinkcard-ios/Microblink.framework/Headers/MBFullDocumentImageDpi.h",
      "line": 8,
      "symbol": "MBFullDocumentImageDpi",
      "symbol_kind": "sourcekitten.source.lang.objc.decl.protocol",
      "warning": "undocumented"
    },
    {
      "file": "/opt/jenkins-ios/E0/blinkcard-ios-framework/blinkcard-ios/Microblink.framework/Headers/MBFullDocumentImageExtensionFactors.h",
      "line": 10,
      "symbol": "MBFullDocumentImageExtensionFactors",
      "symbol_kind": "sourcekitten.source.lang.objc.decl.protocol",
      "warning": "undocumented"
    },
    {
      "file": "/opt/jenkins-ios/E0/blinkcard-ios-framework/blinkcard-ios/Microblink.framework/Headers/MBGeometry.h",
      "line": 27,
      "symbol": "CGDelta",
      "symbol_kind": "sourcekitten.source.lang.objc.decl.typedef",
      "warning": "undocumented"
    },
    {
      "file": "/opt/jenkins-ios/E0/blinkcard-ios-framework/blinkcard-ios/Microblink.framework/Headers/MBGeometry.h",
      "line": 30,
      "symbol": "",
      "symbol_kind": "sourcekitten.source.lang.objc.decl.struct",
      "warning": "undocumented"
    },
    {
      "file": "/opt/jenkins-ios/E0/blinkcard-ios-framework/blinkcard-ios/Microblink.framework/Headers/MBGeometry.h",
      "line": 30,
      "symbol": "CGLine",
      "symbol_kind": "sourcekitten.source.lang.objc.decl.typedef",
      "warning": "undocumented"
    },
    {
      "file": "/opt/jenkins-ios/E0/blinkcard-ios-framework/blinkcard-ios/Microblink.framework/Headers/MBGeometry.h",
      "line": 30,
      "symbol": "CGLine.",
      "symbol_kind": "sourcekitten.source.lang.objc.decl.struct",
      "warning": "undocumented"
    },
    {
      "file": "/opt/jenkins-ios/E0/blinkcard-ios-framework/blinkcard-ios/Microblink.framework/Headers/MBGeometry.h",
      "line": 31,
      "symbol": ".point1",
      "symbol_kind": "sourcekitten.source.lang.objc.decl.field",
      "warning": "undocumented"
    },
    {
      "file": "/opt/jenkins-ios/E0/blinkcard-ios-framework/blinkcard-ios/Microblink.framework/Headers/MBGeometry.h",
      "line": 31,
      "symbol": "CGLine..point1",
      "symbol_kind": "sourcekitten.source.lang.objc.decl.field",
      "warning": "undocumented"
    },
    {
      "file": "/opt/jenkins-ios/E0/blinkcard-ios-framework/blinkcard-ios/Microblink.framework/Headers/MBGeometry.h",
      "line": 32,
      "symbol": ".point2",
      "symbol_kind": "sourcekitten.source.lang.objc.decl.field",
      "warning": "undocumented"
    },
    {
      "file": "/opt/jenkins-ios/E0/blinkcard-ios-framework/blinkcard-ios/Microblink.framework/Headers/MBGeometry.h",
      "line": 32,
      "symbol": "CGLine..point2",
      "symbol_kind": "sourcekitten.source.lang.objc.decl.field",
      "warning": "undocumented"
    },
    {
      "file": "/opt/jenkins-ios/E0/blinkcard-ios-framework/blinkcard-ios/Microblink.framework/Headers/MBGeometry.h",
      "line": 38,
      "symbol": "CGDeltaMake",
      "symbol_kind": "sourcekitten.source.lang.objc.decl.function",
      "warning": "undocumented"
    },
    {
      "file": "/opt/jenkins-ios/E0/blinkcard-ios-framework/blinkcard-ios/Microblink.framework/Headers/MBGeometry.h",
      "line": 41,
      "symbol": "CGPointWithDelta",
      "symbol_kind": "sourcekitten.source.lang.objc.decl.function",
      "warning": "undocumented"
    },
    {
      "file": "/opt/jenkins-ios/E0/blinkcard-ios-framework/blinkcard-ios/Microblink.framework/Headers/MBGeometry.h",
      "line": 44,
      "symbol": "CGPointDistance",
      "symbol_kind": "sourcekitten.source.lang.objc.decl.function",
      "warning": "undocumented"
    },
    {
      "file": "/opt/jenkins-ios/E0/blinkcard-ios-framework/blinkcard-ios/Microblink.framework/Headers/MBGeometry.h",
      "line": 47,
      "symbol": "CGPointAlongLine",
      "symbol_kind": "sourcekitten.source.lang.objc.decl.function",
      "warning": "undocumented"
    },
    {
      "file": "/opt/jenkins-ios/E0/blinkcard-ios-framework/blinkcard-ios/Microblink.framework/Headers/MBGeometry.h",
      "line": 50,
      "symbol": "CGPointRotatedAroundPoint",
      "symbol_kind": "sourcekitten.source.lang.objc.decl.function",
      "warning": "undocumented"
    },
    {
      "file": "/opt/jenkins-ios/E0/blinkcard-ios-framework/blinkcard-ios/Microblink.framework/Headers/MBGeometry.h",
      "line": 55,
      "symbol": "CGLineMake",
      "symbol_kind": "sourcekitten.source.lang.objc.decl.function",
      "warning": "undocumented"
    },
    {
      "file": "/opt/jenkins-ios/E0/blinkcard-ios-framework/blinkcard-ios/Microblink.framework/Headers/MBGeometry.h",
      "line": 58,
      "symbol": "CGLineEqualToLine",
      "symbol_kind": "sourcekitten.source.lang.objc.decl.function",
      "warning": "undocumented"
    },
    {
      "file": "/opt/jenkins-ios/E0/blinkcard-ios-framework/blinkcard-ios/Microblink.framework/Headers/MBGeometry.h",
      "line": 61,
      "symbol": "CGLineMidPoint",
      "symbol_kind": "sourcekitten.source.lang.objc.decl.function",
      "warning": "undocumented"
    },
    {
      "file": "/opt/jenkins-ios/E0/blinkcard-ios-framework/blinkcard-ios/Microblink.framework/Headers/MBGeometry.h",
      "line": 64,
      "symbol": "CGLineDirection",
      "symbol_kind": "sourcekitten.source.lang.objc.decl.function",
      "warning": "undocumented"
    },
    {
      "file": "/opt/jenkins-ios/E0/blinkcard-ios-framework/blinkcard-ios/Microblink.framework/Headers/MBGeometry.h",
      "line": 67,
      "symbol": "CGLinesAngle",
      "symbol_kind": "sourcekitten.source.lang.objc.decl.function",
      "warning": "undocumented"
    },
    {
      "file": "/opt/jenkins-ios/E0/blinkcard-ios-framework/blinkcard-ios/Microblink.framework/Headers/MBGeometry.h",
      "line": 70,
      "symbol": "CGLinesIntersectAtPoint",
      "symbol_kind": "sourcekitten.source.lang.objc.decl.function",
      "warning": "undocumented"
    },
    {
      "file": "/opt/jenkins-ios/E0/blinkcard-ios-framework/blinkcard-ios/Microblink.framework/Headers/MBGeometry.h",
      "line": 73,
      "symbol": "CGLineLength",
      "symbol_kind": "sourcekitten.source.lang.objc.decl.function",
      "warning": "undocumented"
    },
    {
      "file": "/opt/jenkins-ios/E0/blinkcard-ios-framework/blinkcard-ios/Microblink.framework/Headers/MBGeometry.h",
      "line": 76,
      "symbol": "CGLineScale",
      "symbol_kind": "sourcekitten.source.lang.objc.decl.function",
      "warning": "undocumented"
    },
    {
      "file": "/opt/jenkins-ios/E0/blinkcard-ios-framework/blinkcard-ios/Microblink.framework/Headers/MBGeometry.h",
      "line": 79,
      "symbol": "CGLineTranslate",
      "symbol_kind": "sourcekitten.source.lang.objc.decl.function",
      "warning": "undocumented"
    },
    {
      "file": "/opt/jenkins-ios/E0/blinkcard-ios-framework/blinkcard-ios/Microblink.framework/Headers/MBGeometry.h",
      "line": 82,
      "symbol": "CGLineScaleOnMidPoint",
      "symbol_kind": "sourcekitten.source.lang.objc.decl.function",
      "warning": "undocumented"
    },
    {
      "file": "/opt/jenkins-ios/E0/blinkcard-ios-framework/blinkcard-ios/Microblink.framework/Headers/MBGeometry.h",
      "line": 85,
      "symbol": "CGLineDelta",
      "symbol_kind": "sourcekitten.source.lang.objc.decl.function",
      "warning": "undocumented"
    },
    {
      "file": "/opt/jenkins-ios/E0/blinkcard-ios-framework/blinkcard-ios/Microblink.framework/Headers/MBGeometry.h",
      "line": 88,
      "symbol": "CGLinesAreParallel",
      "symbol_kind": "sourcekitten.source.lang.objc.decl.function",
      "warning": "undocumented"
    },
    {
      "file": "/opt/jenkins-ios/E0/blinkcard-ios-framework/blinkcard-ios/Microblink.framework/Headers/MBGeometry.h",
      "line": 93,
      "symbol": "CGRectTopLeftPoint",
      "symbol_kind": "sourcekitten.source.lang.objc.decl.function",
      "warning": "undocumented"
    },
    {
      "file": "/opt/jenkins-ios/E0/blinkcard-ios-framework/blinkcard-ios/Microblink.framework/Headers/MBGeometry.h",
      "line": 94,
      "symbol": "CGRectTopRightPoint",
      "symbol_kind": "sourcekitten.source.lang.objc.decl.function",
      "warning": "undocumented"
    },
    {
      "file": "/opt/jenkins-ios/E0/blinkcard-ios-framework/blinkcard-ios/Microblink.framework/Headers/MBGeometry.h",
      "line": 95,
      "symbol": "CGRectBottomLeftPoint",
      "symbol_kind": "sourcekitten.source.lang.objc.decl.function",
      "warning": "undocumented"
    },
    {
      "file": "/opt/jenkins-ios/E0/blinkcard-ios-framework/blinkcard-ios/Microblink.framework/Headers/MBGeometry.h",
      "line": 96,
      "symbol": "CGRectBottomRightPoint",
      "symbol_kind": "sourcekitten.source.lang.objc.decl.function",
      "warning": "undocumented"
    },
    {
      "file": "/opt/jenkins-ios/E0/blinkcard-ios-framework/blinkcard-ios/Microblink.framework/Headers/MBGeometry.h",
      "line": 99,
      "symbol": "CGRectResize",
      "symbol_kind": "sourcekitten.source.lang.objc.decl.function",
      "warning": "undocumented"
    },
    {
      "file": "/opt/jenkins-ios/E0/blinkcard-ios-framework/blinkcard-ios/Microblink.framework/Headers/MBGeometry.h",
      "line": 102,
      "symbol": "CGRectInsetEdge",
      "symbol_kind": "sourcekitten.source.lang.objc.decl.function",
      "warning": "undocumented"
    },
    {
      "file": "/opt/jenkins-ios/E0/blinkcard-ios-framework/blinkcard-ios/Microblink.framework/Headers/MBGeometry.h",
      "line": 113,
      "symbol": "CGRectCenterPoint",
      "symbol_kind": "sourcekitten.source.lang.objc.decl.function",
      "warning": "undocumented"
    },
    {
      "file": "/opt/jenkins-ios/E0/blinkcard-ios-framework/blinkcard-ios/Microblink.framework/Headers/MBGeometry.h",
      "line": 116,
      "symbol": "CGRectClosestTwoCornerPoints",
      "symbol_kind": "sourcekitten.source.lang.objc.decl.function",
      "warning": "undocumented"
    },
    {
      "file": "/opt/jenkins-ios/E0/blinkcard-ios-framework/blinkcard-ios/Microblink.framework/Headers/MBGeometry.h",
      "line": 120,
      "symbol": "CGLineIntersectsRectAtPoint",
      "symbol_kind": "sourcekitten.source.lang.objc.decl.function",
      "warning": "undocumented"
    },
    {
      "file": "/opt/jenkins-ios/E0/blinkcard-ios-framework/blinkcard-ios/Microblink.framework/Headers/MBGeometry.h",
      "line": 129,
      "symbol": "CGControlPointsForArcBetweenPointsWithRadius",
      "symbol_kind": "sourcekitten.source.lang.objc.decl.function",
      "warning": "undocumented"
    },
    {
      "file": "/opt/jenkins-ios/E0/blinkcard-ios-framework/blinkcard-ios/Microblink.framework/Headers/MBGeometry.h",
      "line": 135,
      "symbol": "scanningRegionForFrameInBounds",
      "symbol_kind": "sourcekitten.source.lang.objc.decl.function",
      "warning": "undocumented"
    },
    {
      "file": "/opt/jenkins-ios/E0/blinkcard-ios-framework/blinkcard-ios/Microblink.framework/Headers/MBGlareDetection.h",
      "line": 11,
      "symbol": "MBGlareDetection",
      "symbol_kind": "sourcekitten.source.lang.objc.decl.protocol",
      "warning": "undocumented"
    },
    {
      "file": "/opt/jenkins-ios/E0/blinkcard-ios-framework/blinkcard-ios/Microblink.framework/Headers/MBGlareRecognizerRunnerDelegate.h",
      "line": 13,
      "symbol": "MBGlareRecognizerRunnerDelegate",
      "symbol_kind": "sourcekitten.source.lang.objc.decl.protocol",
      "warning": "undocumented"
    },
    {
      "file": "/opt/jenkins-ios/E0/blinkcard-ios-framework/blinkcard-ios/Microblink.framework/Headers/MBGlareRecognizerRunnerViewControllerDelegate.h",
      "line": 15,
      "symbol": "MBGlareRecognizerRunnerViewControllerDelegate",
      "symbol_kind": "sourcekitten.source.lang.objc.decl.protocol",
      "warning": "undocumented"
    },
    {
      "file": "/opt/jenkins-ios/E0/blinkcard-ios-framework/blinkcard-ios/Microblink.framework/Headers/MBImageExtensionFactors.h",
      "line": 13,
      "symbol": "MBImageExtensionFactors",
      "symbol_kind": "sourcekitten.source.lang.objc.decl.typedef",
      "warning": "undocumented"
    },
    {
      "file": "/opt/jenkins-ios/E0/blinkcard-ios-framework/blinkcard-ios/Microblink.framework/Headers/MBImageExtensionFactors.h",
      "line": 14,
      "symbol": "MBImageExtensionFactors._MBImageExtensionFactors.top",
      "symbol_kind": "sourcekitten.source.lang.objc.decl.field",
      "warning": "undocumented"
    },
    {
      "file": "/opt/jenkins-ios/E0/blinkcard-ios-framework/blinkcard-ios/Microblink.framework/Headers/MBImageExtensionFactors.h",
      "line": 14,
      "symbol": "_MBImageExtensionFactors.top",
      "symbol_kind": "sourcekitten.source.lang.objc.decl.field",
      "warning": "undocumented"
    },
    {
      "file": "/opt/jenkins-ios/E0/blinkcard-ios-framework/blinkcard-ios/Microblink.framework/Headers/MBImageExtensionFactors.h",
      "line": 15,
      "symbol": "MBImageExtensionFactors._MBImageExtensionFactors.right",
      "symbol_kind": "sourcekitten.source.lang.objc.decl.field",
      "warning": "undocumented"
    },
    {
      "file": "/opt/jenkins-ios/E0/blinkcard-ios-framework/blinkcard-ios/Microblink.framework/Headers/MBImageExtensionFactors.h",
      "line": 15,
      "symbol": "_MBImageExtensionFactors.right",
      "symbol_kind": "sourcekitten.source.lang.objc.decl.field",
      "warning": "undocumented"
    },
    {
      "file": "/opt/jenkins-ios/E0/blinkcard-ios-framework/blinkcard-ios/Microblink.framework/Headers/MBImageExtensionFactors.h",
      "line": 16,
      "symbol": "MBImageExtensionFactors._MBImageExtensionFactors.bottom",
      "symbol_kind": "sourcekitten.source.lang.objc.decl.field",
      "warning": "undocumented"
    },
    {
      "file": "/opt/jenkins-ios/E0/blinkcard-ios-framework/blinkcard-ios/Microblink.framework/Headers/MBImageExtensionFactors.h",
      "line": 16,
      "symbol": "_MBImageExtensionFactors.bottom",
      "symbol_kind": "sourcekitten.source.lang.objc.decl.field",
      "warning": "undocumented"
    },
    {
      "file": "/opt/jenkins-ios/E0/blinkcard-ios-framework/blinkcard-ios/Microblink.framework/Headers/MBImageExtensionFactors.h",
      "line": 17,
      "symbol": "MBImageExtensionFactors._MBImageExtensionFactors.left",
      "symbol_kind": "sourcekitten.source.lang.objc.decl.field",
      "warning": "undocumented"
    },
    {
      "file": "/opt/jenkins-ios/E0/blinkcard-ios-framework/blinkcard-ios/Microblink.framework/Headers/MBImageExtensionFactors.h",
      "line": 17,
      "symbol": "_MBImageExtensionFactors.left",
      "symbol_kind": "sourcekitten.source.lang.objc.decl.field",
      "warning": "undocumented"
    },
    {
      "file": "/opt/jenkins-ios/E0/blinkcard-ios-framework/blinkcard-ios/Microblink.framework/Headers/MBImageProcessingRecognizerRunnerDelegate.h",
      "line": 11,
      "symbol": "MBImageProcessingRecognizerRunnerDelegate",
      "symbol_kind": "sourcekitten.source.lang.objc.decl.protocol",
      "warning": "undocumented"
    },
    {
      "file": "/opt/jenkins-ios/E0/blinkcard-ios-framework/blinkcard-ios/Microblink.framework/Headers/MBMicroblinkApp.h",
      "line": 37,
      "symbol": "MBMicroblinkApp",
      "symbol_kind": "sourcekitten.source.lang.objc.decl.class",
      "warning": "undocumented"
    },
    {
      "file": "/opt/jenkins-ios/E0/blinkcard-ios-framework/blinkcard-ios/Microblink.framework/Headers/MBMicroblinkApp.h",
      "line": 39,
      "symbol": "MBMicroblinkApp.language",
      "symbol_kind": "sourcekitten.source.lang.objc.decl.property",
      "warning": "undocumented"
    },
    {
      "file": "/opt/jenkins-ios/E0/blinkcard-ios-framework/blinkcard-ios/Microblink.framework/Headers/MBMicroblinkSDK.h",
      "line": 20,
      "symbol": "MBMicroblinkSDK.+sharedInstance",
      "symbol_kind": "sourcekitten.source.lang.objc.decl.method.class",
      "warning": "undocumented"
    },
    {
      "file": "/opt/jenkins-ios/E0/blinkcard-ios-framework/blinkcard-ios/Microblink.framework/Headers/MBNativeResult.h",
      "line": 14,
      "symbol": "MBNativeResult",
      "symbol_kind": "sourcekitten.source.lang.objc.decl.protocol",
      "warning": "undocumented"
    },
    {
      "file": "/opt/jenkins-ios/E0/blinkcard-ios-framework/blinkcard-ios/Microblink.framework/Headers/MBOverlayViewController.h",
      "line": 33,
      "symbol": "MBOverlayViewController.-init",
      "symbol_kind": "sourcekitten.source.lang.objc.decl.method.instance",
      "warning": "undocumented"
    },
    {
      "file": "/opt/jenkins-ios/E0/blinkcard-ios-framework/blinkcard-ios/Microblink.framework/Headers/MBRecognizer.h",
      "line": 26,
      "symbol": "MBRecognizer.-getOptimalHudOrientation",
      "symbol_kind": "sourcekitten.source.lang.objc.decl.method.instance",
      "warning": "undocumented"
    },
    {
      "file": "/opt/jenkins-ios/E0/blinkcard-ios-framework/blinkcard-ios/Microblink.framework/Headers/MBRecognizerCollection.h",
      "line": 51,
      "symbol": "MBRecognizerCollection.-init",
      "symbol_kind": "sourcekitten.source.lang.objc.decl.method.instance",
      "warning": "undocumented"
    },
    {
      "file": "/opt/jenkins-ios/E0/blinkcard-ios-framework/blinkcard-ios/Microblink.framework/Headers/MBRecognizerCollection.h",
      "line": 53,
      "symbol": "MBRecognizerCollection.-initWithRecognizers:",
      "symbol_kind": "sourcekitten.source.lang.objc.decl.method.instance",
      "warning": "undocumented"
    },
    {
      "file": "/opt/jenkins-ios/E0/blinkcard-ios-framework/blinkcard-ios/Microblink.framework/Headers/MBRecognizerResult.h",
      "line": 41,
      "symbol": "MBRecognizerResult.-init",
      "symbol_kind": "sourcekitten.source.lang.objc.decl.method.instance",
      "warning": "undocumented"
    },
    {
      "file": "/opt/jenkins-ios/E0/blinkcard-ios-framework/blinkcard-ios/Microblink.framework/Headers/MBRecognizerResult.h",
      "line": 43,
      "symbol": "MBRecognizerResult.resultState",
      "symbol_kind": "sourcekitten.source.lang.objc.decl.property",
      "warning": "undocumented"
    },
    {
      "file": "/opt/jenkins-ios/E0/blinkcard-ios-framework/blinkcard-ios/Microblink.framework/Headers/MBRecognizerRunner.h",
      "line": 29,
      "symbol": "MBRecognizerRunner.metadataDelegates",
      "symbol_kind": "sourcekitten.source.lang.objc.decl.property",
      "warning": "undocumented"
    },
    {
      "file": "/opt/jenkins-ios/E0/blinkcard-ios-framework/blinkcard-ios/Microblink.framework/Headers/MBRecognizerRunner.h",
      "line": 30,
      "symbol": "MBRecognizerRunner.scanningRecognizerRunnerDelegate",
      "symbol_kind": "sourcekitten.source.lang.objc.decl.property",
      "warning": "undocumented"
    },
    {
      "file": "/opt/jenkins-ios/E0/blinkcard-ios-framework/blinkcard-ios/Microblink.framework/Headers/MBRecognizerRunner.h",
      "line": 31,
      "symbol": "MBRecognizerRunner.imageProcessingRecognizerRunnerDelegate",
      "symbol_kind": "sourcekitten.source.lang.objc.decl.property",
      "warning": "undocumented"
    },
    {
      "file": "/opt/jenkins-ios/E0/blinkcard-ios-framework/blinkcard-ios/Microblink.framework/Headers/MBRecognizerRunner.h",
      "line": 32,
      "symbol": "MBRecognizerRunner.stringProcessingRecognizerRunnerDelegate",
      "symbol_kind": "sourcekitten.source.lang.objc.decl.property",
      "warning": "undocumented"
    },
    {
      "file": "/opt/jenkins-ios/E0/blinkcard-ios-framework/blinkcard-ios/Microblink.framework/Headers/MBRecognizerRunner.h",
      "line": 34,
      "symbol": "MBRecognizerRunner.coordinator",
      "symbol_kind": "sourcekitten.source.lang.objc.decl.property",
      "warning": "undocumented"
    },
    {
      "file": "/opt/jenkins-ios/E0/blinkcard-ios-framework/blinkcard-ios/Microblink.framework/Headers/MBRecognizerRunner.h",
      "line": 36,
      "symbol": "MBRecognizerRunner.-init",
      "symbol_kind": "sourcekitten.source.lang.objc.decl.method.instance",
      "warning": "undocumented"
    },
    {
      "file": "/opt/jenkins-ios/E0/blinkcard-ios-framework/blinkcard-ios/Microblink.framework/Headers/MBRecognizerRunner.h",
      "line": 41,
      "symbol": "MBRecognizerRunner.-resetState",
      "symbol_kind": "sourcekitten.source.lang.objc.decl.method.instance",
      "warning": "undocumented"
    },
    {
      "file": "/opt/jenkins-ios/E0/blinkcard-ios-framework/blinkcard-ios/Microblink.framework/Headers/MBRecognizerRunner.h",
      "line": 43,
      "symbol": "MBRecognizerRunner.-resetState:",
      "symbol_kind": "sourcekitten.source.lang.objc.decl.method.instance",
      "warning": "undocumented"
    },
    {
      "file": "/opt/jenkins-ios/E0/blinkcard-ios-framework/blinkcard-ios/Microblink.framework/Headers/MBRecognizerRunnerMetadataDelegates.h",
      "line": 22,
      "symbol": "MBRecognizerRunnerMetadataDelegates.debugRecognizerRunnerDelegate",
      "symbol_kind": "sourcekitten.source.lang.objc.decl.property",
      "warning": "undocumented"
    },
    {
      "file": "/opt/jenkins-ios/E0/blinkcard-ios-framework/blinkcard-ios/Microblink.framework/Headers/MBRecognizerRunnerMetadataDelegates.h",
      "line": 23,
      "symbol": "MBRecognizerRunnerMetadataDelegates.detectionRecognizerRunnerDelegate",
      "symbol_kind": "sourcekitten.source.lang.objc.decl.property",
      "warning": "undocumented"
    },
    {
      "file": "/opt/jenkins-ios/E0/blinkcard-ios-framework/blinkcard-ios/Microblink.framework/Headers/MBRecognizerRunnerMetadataDelegates.h",
      "line": 24,
      "symbol": "MBRecognizerRunnerMetadataDelegates.ocrRecognizerRunnerDelegate",
      "symbol_kind": "sourcekitten.source.lang.objc.decl.property",
      "warning": "undocumented"
    },
    {
      "file": "/opt/jenkins-ios/E0/blinkcard-ios-framework/blinkcard-ios/Microblink.framework/Headers/MBRecognizerRunnerMetadataDelegates.h",
      "line": 25,
      "symbol": "MBRecognizerRunnerMetadataDelegates.glareRecognizerRunnerDelegate",
      "symbol_kind": "sourcekitten.source.lang.objc.decl.property",
      "warning": "undocumented"
    },
    {
      "file": "/opt/jenkins-ios/E0/blinkcard-ios-framework/blinkcard-ios/Microblink.framework/Headers/MBRecognizerRunnerMetadataDelegates.h",
      "line": 26,
      "symbol": "MBRecognizerRunnerMetadataDelegates.firstSideFinishedRecognizerRunnerDelegate",
      "symbol_kind": "sourcekitten.source.lang.objc.decl.property",
      "warning": "undocumented"
    },
    {
      "file": "/opt/jenkins-ios/E0/blinkcard-ios-framework/blinkcard-ios/Microblink.framework/Headers/MBRecognizerRunnerViewControllerMetadataDelegates.h",
      "line": 22,
      "symbol": "MBRecognizerRunnerViewControllerMetadataDelegates.debugRecognizerRunnerViewControllerDelegate",
      "symbol_kind": "sourcekitten.source.lang.objc.decl.property",
      "warning": "undocumented"
    },
    {
      "file": "/opt/jenkins-ios/E0/blinkcard-ios-framework/blinkcard-ios/Microblink.framework/Headers/MBRecognizerRunnerViewControllerMetadataDelegates.h",
      "line": 23,
      "symbol": "MBRecognizerRunnerViewControllerMetadataDelegates.detectionRecognizerRunnerViewControllerDelegate",
      "symbol_kind": "sourcekitten.source.lang.objc.decl.property",
      "warning": "undocumented"
    },
    {
      "file": "/opt/jenkins-ios/E0/blinkcard-ios-framework/blinkcard-ios/Microblink.framework/Headers/MBRecognizerRunnerViewControllerMetadataDelegates.h",
      "line": 24,
      "symbol": "MBRecognizerRunnerViewControllerMetadataDelegates.ocrRecognizerRunnerViewControllerDelegate",
      "symbol_kind": "sourcekitten.source.lang.objc.decl.property",
      "warning": "undocumented"
    },
    {
      "file": "/opt/jenkins-ios/E0/blinkcard-ios-framework/blinkcard-ios/Microblink.framework/Headers/MBRecognizerRunnerViewControllerMetadataDelegates.h",
      "line": 25,
      "symbol": "MBRecognizerRunnerViewControllerMetadataDelegates.glareRecognizerRunnerViewControllerDelegate",
      "symbol_kind": "sourcekitten.source.lang.objc.decl.property",
      "warning": "undocumented"
    },
    {
      "file": "/opt/jenkins-ios/E0/blinkcard-ios-framework/blinkcard-ios/Microblink.framework/Headers/MBRecognizerRunnerViewControllerMetadataDelegates.h",
      "line": 26,
      "symbol": "MBRecognizerRunnerViewControllerMetadataDelegates.firstSideFinishedRecognizerRunnerViewControllerDelegate",
      "symbol_kind": "sourcekitten.source.lang.objc.decl.property",
      "warning": "undocumented"
    },
    {
      "file": "/opt/jenkins-ios/E0/blinkcard-ios-framework/blinkcard-ios/Microblink.framework/Headers/MBRectDocumentSubview.h",
      "line": 18,
      "symbol": "MBRectDocumentSubview.-init",
      "symbol_kind": "sourcekitten.source.lang.objc.decl.method.instance",
      "warning": "undocumented"
    },
    {
      "file": "/opt/jenkins-ios/E0/blinkcard-ios-framework/blinkcard-ios/Microblink.framework/Headers/MBRectDocumentSubview.h",
      "line": 20,
      "symbol": "MBRectDocumentSubview.-initWithCoder:",
      "symbol_kind": "sourcekitten.source.lang.objc.decl.method.instance",
      "warning": "undocumented"
    },
    {
      "file": "/opt/jenkins-ios/E0/blinkcard-ios-framework/blinkcard-ios/Microblink.framework/Headers/MBRectDocumentSubview.h",
      "line": 22,
      "symbol": "MBRectDocumentSubview.-initWithFrame:",
      "symbol_kind": "sourcekitten.source.lang.objc.decl.method.instance",
      "warning": "undocumented"
    },
    {
      "file": "/opt/jenkins-ios/E0/blinkcard-ios-framework/blinkcard-ios/Microblink.framework/Headers/MBRectDocumentSubview.h",
      "line": 24,
      "symbol": "MBRectDocumentSubview.widthToHightAspectRatio",
      "symbol_kind": "sourcekitten.source.lang.objc.decl.property",
      "warning": "undocumented"
    },
    {
      "file": "/opt/jenkins-ios/E0/blinkcard-ios-framework/blinkcard-ios/Microblink.framework/Headers/MBRectDocumentSubview.h",
      "line": 26,
      "symbol": "MBRectDocumentSubview.titleText",
      "symbol_kind": "sourcekitten.source.lang.objc.decl.property",
      "warning": "undocumented"
    },
    {
      "file": "/opt/jenkins-ios/E0/blinkcard-ios-framework/blinkcard-ios/Microblink.framework/Headers/MBRectDocumentSubview.h",
      "line": 28,
      "symbol": "MBRectDocumentSubview.-startScanLineAnimation",
      "symbol_kind": "sourcekitten.source.lang.objc.decl.method.instance",
      "warning": "undocumented"
    },
    {
      "file": "/opt/jenkins-ios/E0/blinkcard-ios-framework/blinkcard-ios/Microblink.framework/Headers/MBRectDocumentSubview.h",
      "line": 30,
      "symbol": "MBRectDocumentSubview.-stopScanLineAnimation",
      "symbol_kind": "sourcekitten.source.lang.objc.decl.method.instance",
      "warning": "undocumented"
    },
    {
      "file": "/opt/jenkins-ios/E0/blinkcard-ios-framework/blinkcard-ios/Microblink.framework/Headers/MBRectDocumentSubview.h",
      "line": 32,
      "symbol": "MBRectDocumentSubview.-startFlipAnimation",
      "symbol_kind": "sourcekitten.source.lang.objc.decl.method.instance",
      "warning": "undocumented"
    },
    {
      "file": "/opt/jenkins-ios/E0/blinkcard-ios-framework/blinkcard-ios/Microblink.framework/Headers/MBStringProcessingRecognizerRunnerDelegate.h",
      "line": 10,
      "symbol": "MBStringProcessingRecognizerRunnerDelegate",
      "symbol_kind": "sourcekitten.source.lang.objc.decl.protocol",
      "warning": "undocumented"
    },
    {
      "file": "/opt/jenkins-ios/E0/blinkcard-ios-framework/blinkcard-ios/Microblink.framework/Headers/MBSuccessFrameGrabberRecognizer.h",
      "line": 21,
      "symbol": "MBSuccessFrameGrabberRecognizer.-init",
      "symbol_kind": "sourcekitten.source.lang.objc.decl.method.instance",
      "warning": "undocumented"
    },
    {
      "file": "/opt/jenkins-ios/E0/blinkcard-ios-framework/blinkcard-ios/Microblink.framework/Headers/MBSuccessFrameGrabberRecognizer.h",
      "line": 22,
      "symbol": "MBSuccessFrameGrabberRecognizer.-initWithRecognizer:",
      "symbol_kind": "sourcekitten.source.lang.objc.decl.method.instance",
      "warning": "undocumented"
    },
    {
      "file": "/opt/jenkins-ios/E0/blinkcard-ios-framework/blinkcard-ios/Microblink.framework/Headers/MBSuccessFrameGrabberRecognizerResult.h",
      "line": 23,
      "symbol": "MBSuccessFrameGrabberRecognizerResult.-init",
      "symbol_kind": "sourcekitten.source.lang.objc.decl.method.instance",
      "warning": "undocumented"
    }
  ],
  "source_directory": "/opt/jenkins-ios/E0/blinkcard-ios-framework/xcode-build/production"
}